USE QLDSV_HTC;
SET DATEFORMAT ymd;
-- Xoa du lieu cu
DELETE FROM DANGKY;
DELETE FROM LOPTINCHI;
DELETE FROM SINHVIEN;
DELETE FROM LOP;
DELETE FROM GIANGVIEN;
DELETE FROM MONHOC;
DELETE FROM TaiKhoan;
DELETE FROM KHOA;
DBCC CHECKIDENT ('LOPTINCHI', RESEED, 0);

-- KHOA
INSERT INTO KHOA VALUES ('CNTT', N'Công nghệ thông tin');
INSERT INTO KHOA VALUES ('VT', N'Viễn thông');
INSERT INTO KHOA VALUES ('KT', N'Kế toán');
INSERT INTO KHOA VALUES ('CK', N'Cơ khí');

-- TaiKhoan
INSERT INTO TaiKhoan (Login,MatKhau,NhomQuyen,MAGV,MAKHOA,TrangThai) VALUES ('pgv_admin','123456','PGV',NULL,NULL,'Active');
INSERT INTO TaiKhoan (Login,MatKhau,NhomQuyen,MAGV,MAKHOA,TrangThai) VALUES ('khoa_cntt','khoa123','KHOA',NULL,'CNTT','Active');
INSERT INTO TaiKhoan (Login,MatKhau,NhomQuyen,MAGV,MAKHOA,TrangThai) VALUES ('khoa_vt','khoa456','KHOA',NULL,'VT','Active');

-- MONHOC (15)
INSERT INTO MONHOC VALUES ('TCC',N'Toán cao cấp',45,0);
INSERT INTO MONHOC VALUES ('VLDC',N'Vật lý đại cương',45,15);
INSERT INTO MONHOC VALUES ('AV',N'Anh văn',30,30);
INSERT INTO MONHOC VALUES ('TTHCM',N'Tư tưởng HCM',30,0);
INSERT INTO MONHOC VALUES ('CTDL',N'Cấu trúc dữ liệu',30,30);
INSERT INTO MONHOC VALUES ('OOP',N'Lập trình hướng đối tượng',30,30);
INSERT INTO MONHOC VALUES ('CSDL',N'Cơ sở dữ liệu',30,30);
INSERT INTO MONHOC VALUES ('MMT',N'Mạng máy tính',30,30);
INSERT INTO MONHOC VALUES ('HDH',N'Hệ điều hành',30,15);
INSERT INTO MONHOC VALUES ('LTW',N'Lập trình Web',30,30);
INSERT INTO MONHOC VALUES ('KTDH',N'Kỹ thuật đồ họa',30,30);
INSERT INTO MONHOC VALUES ('XLA',N'Xử lý ảnh',30,30);
INSERT INTO MONHOC VALUES ('LTJV',N'Lập trình Java',30,30);
INSERT INTO MONHOC VALUES ('KTCT',N'Kế toán chi tiết',45,15);
INSERT INTO MONHOC VALUES ('CKCT',N'Cơ khí chế tạo',45,15);

-- GIANGVIEN (12) - order: MAGV,MAKHOA,HO,TEN,HOCVI,HOCHAM,CHUYENMON
INSERT INTO GIANGVIEN VALUES ('GV01','CNTT',N'Lưu Nguyễn Kỳ',N'Thư',N'Thạc sĩ',N'',N'Phần mềm');
INSERT INTO GIANGVIEN VALUES ('GV02','CNTT',N'Lê Thành',N'Trí',N'Thạc sĩ',N'',N'Phần mềm');
INSERT INTO GIANGVIEN VALUES ('GV03','CNTT',N'Huỳnh Trung',N'Trụ',N'Thạc sĩ',N'',N'Web');
INSERT INTO GIANGVIEN VALUES ('GV04','VT',N'Nguyễn Quốc',N'Minh',N'Tiến sĩ',N'',N'Truyền thông');
INSERT INTO GIANGVIEN VALUES ('GV05','CNTT',N'Châu Minh',N'Lâm',N'Tiến sĩ',N'',N'Xử lý ảnh');
INSERT INTO GIANGVIEN VALUES ('GV06','CNTT',N'Nguyễn Văn',N'Sáu',N'Thạc sĩ',N'',N'Mạng');
INSERT INTO GIANGVIEN VALUES ('GV07','CNTT',N'Trần Văn',N'Hùng',N'Thạc sĩ',N'',N'Lập trình');
INSERT INTO GIANGVIEN VALUES ('GV08','CNTT',N'Phạm Thị',N'Lan',N'Tiến sĩ',N'PGS',N'CSDL');
INSERT INTO GIANGVIEN VALUES ('GV09','VT',N'Lê Minh',N'Tuấn',N'Thạc sĩ',N'',N'An ninh mạng');
INSERT INTO GIANGVIEN VALUES ('GV10','VT',N'Ngô Thanh',N'Bình',N'Tiến sĩ',N'',N'AI');
INSERT INTO GIANGVIEN VALUES ('GV11','KT',N'Đỗ Văn',N'Long',N'Thạc sĩ',N'',N'Kế toán');
INSERT INTO GIANGVIEN VALUES ('GV12','CK',N'Bùi Quang',N'Đức',N'Thạc sĩ',N'',N'Cơ khí');

-- LOP (20)
INSERT INTO LOP VALUES ('N20DCCN01',N'CNTT K20A','2020-2025','CNTT');
INSERT INTO LOP VALUES ('N20DCCN02',N'CNTT K20B','2020-2025','CNTT');
INSERT INTO LOP VALUES ('N21DCCN01',N'CNTT K21A','2021-2026','CNTT');
INSERT INTO LOP VALUES ('N21DCCN02',N'CNTT K21B','2021-2026','CNTT');
INSERT INTO LOP VALUES ('N22DCCN01',N'CNTT K22A','2022-2027','CNTT');
INSERT INTO LOP VALUES ('N23DCCN01',N'CNTT K23A','2023-2028','CNTT');
INSERT INTO LOP VALUES ('N24DCCN01',N'CNTT K24A','2024-2029','CNTT');
INSERT INTO LOP VALUES ('N20DCVT01',N'Viễn thông K20','2020-2025','VT');
INSERT INTO LOP VALUES ('N21DCVT01',N'Viễn thông K21','2021-2026','VT');
INSERT INTO LOP VALUES ('N22DCVT01',N'Viễn thông K22','2022-2027','VT');
INSERT INTO LOP VALUES ('N23DCVT01',N'Viễn thông K23','2023-2028','VT');
INSERT INTO LOP VALUES ('N24DCVT01',N'Viễn thông K24','2024-2029','VT');
INSERT INTO LOP VALUES ('N21DCKT01',N'Kế toán K21','2021-2026','KT');
INSERT INTO LOP VALUES ('N22DCKT01',N'Kế toán K22','2022-2027','KT');
INSERT INTO LOP VALUES ('N23DCKT01',N'Kế toán K23','2023-2028','KT');
INSERT INTO LOP VALUES ('N24DCKT01',N'Kế toán K24','2024-2029','KT');
INSERT INTO LOP VALUES ('N21DCCK01',N'Cơ khí K21','2021-2026','CK');
INSERT INTO LOP VALUES ('N22DCCK01',N'Cơ khí K22','2022-2027','CK');
INSERT INTO LOP VALUES ('N23DCCK01',N'Cơ khí K23','2023-2028','CK');
INSERT INTO LOP VALUES ('N24DCCK01',N'Cơ khí K24','2024-2029','CK');

-- SINHVIEN (40) - MASV,HO,TEN,PHAI,NGAYSINH,DIACHI,MALOP,DANGHIHOC,PASSWORD
-- N20 CNTT (tot nghiep)
INSERT INTO SINHVIEN VALUES('N20CN0001',N'Nguyễn Văn',N'An',0,N'TP.HCM','20020315','N20DCCN01',0,'123456');
INSERT INTO SINHVIEN VALUES('N20CN0002',N'Trần Thị',N'Bích',1,N'Bình Dương','20020722','N20DCCN01',0,'123456');
INSERT INTO SINHVIEN VALUES('N20CN0003',N'Lê Hoàng',N'Cường',0,N'Đồng Nai','20021105','N20DCCN01',0,'123456');
INSERT INTO SINHVIEN VALUES('N20CN0004',N'Phạm Minh',N'Đức',0,N'TP.HCM','20020118','N20DCCN02',0,'123456');
INSERT INTO SINHVIEN VALUES('N20CN0005',N'Võ Thị',N'Em',1,N'Long An','20020930','N20DCCN02',0,'123456');
INSERT INTO SINHVIEN VALUES('N20CN0006',N'Hoàng Văn',N'Phú',0,N'TP.HCM','20020412','N20DCCN02',0,'123456');
-- N21 CNTT
INSERT INTO SINHVIEN VALUES('N21CN0001',N'Đặng Thị',N'Giang',1,N'Hà Nội','20030825','N21DCCN01',0,'123456');
INSERT INTO SINHVIEN VALUES('N21CN0002',N'Bùi Thanh',N'Hải',0,N'TP.HCM','20030214','N21DCCN01',0,'123456');
INSERT INTO SINHVIEN VALUES('N21CN0003',N'Ngô Thị',N'Hương',1,N'Cần Thơ','20030607','N21DCCN01',0,'123456');
INSERT INTO SINHVIEN VALUES('N21CN0004',N'Trương Văn',N'Kiệt',0,N'TP.HCM','20031201','N21DCCN02',0,'123456');
INSERT INTO SINHVIEN VALUES('N21CN0005',N'Lý Thị',N'Liên',1,N'Đà Nẵng','20030519','N21DCCN02',0,'123456');
-- N22 CNTT
INSERT INTO SINHVIEN VALUES('N22CN0001',N'Mai Quốc',N'Minh',0,N'TP.HCM','20041008','N22DCCN01',0,'123456');
INSERT INTO SINHVIEN VALUES('N22CN0002',N'Phan Thị',N'Ngọc',1,N'Vũng Tàu','20040422','N22DCCN01',0,'123456');
INSERT INTO SINHVIEN VALUES('N22CN0003',N'Đinh Công',N'Phong',0,N'TP.HCM','20040811','N22DCCN01',0,'123456');
INSERT INTO SINHVIEN VALUES('N22CN0004',N'Cao Thị',N'Quỳnh',1,N'Bình Phước','20041229','N22DCCN01',0,'123456');
INSERT INTO SINHVIEN VALUES('N22CN0005',N'Lê Văn',N'Nghỉ',0,N'TP.HCM','20040315','N22DCCN01',1,'123456');
-- N23 CNTT (ban)
INSERT INTO SINHVIEN VALUES('N23CN0001',N'Tạ Minh',N'Sang',0,N'TP.HCM','20050307','N23DCCN01',0,'123456');
INSERT INTO SINHVIEN VALUES('N23CN0002',N'Dương Thị',N'Trang',1,N'Tiền Giang','20050716','N23DCCN01',0,'123456');
INSERT INTO SINHVIEN VALUES('N23CN0003',N'Huỳnh Tấn',N'Uy',0,N'TP.HCM','20050123','N23DCCN01',0,'123456');
INSERT INTO SINHVIEN VALUES('N23CN0004',N'Lâm Văn',N'Vinh',0,N'TP.HCM','20050614','N23DCCN01',0,'123456');
-- N24 CNTT
INSERT INTO SINHVIEN VALUES('N24CN0001',N'Đoàn Thị',N'Xuân',1,N'Kiên Giang','20060903','N24DCCN01',0,'123456');
INSERT INTO SINHVIEN VALUES('N24CN0002',N'Vương Quốc',N'Yên',0,N'TP.HCM','20060528','N24DCCN01',0,'123456');
INSERT INTO SINHVIEN VALUES('N24CN0003',N'Lưu Thị',N'Ánh',1,N'Bến Tre','20061117','N24DCCN01',0,'123456');
-- VT
INSERT INTO SINHVIEN VALUES('N20VT0001',N'Trịnh Văn',N'Bảo',0,N'TP.HCM','20020220','N20DCVT01',0,'123456');
INSERT INTO SINHVIEN VALUES('N20VT0002',N'Nguyễn Thị',N'Cúc',1,N'Hà Nội','20020610','N20DCVT01',0,'123456');
INSERT INTO SINHVIEN VALUES('N21VT0001',N'Phạm Hoàng',N'Duy',0,N'TP.HCM','20030405','N21DCVT01',0,'123456');
INSERT INTO SINHVIEN VALUES('N22VT0001',N'Võ Tấn',N'Khoa',0,N'TP.HCM','20040130','N22DCVT01',0,'123456');
INSERT INTO SINHVIEN VALUES('N23VT0001',N'Trần Thanh',N'Lộc',0,N'TP.HCM','20050812','N23DCVT01',0,'123456');
INSERT INTO SINHVIEN VALUES('N24VT0001',N'Đỗ Thị',N'Mơ',1,N'Long An','20060325','N24DCVT01',0,'123456');
-- KT
INSERT INTO SINHVIEN VALUES('N21KT0001',N'Hồ Văn',N'Nam',0,N'TP.HCM','20030708','N21DCKT01',0,'123456');
INSERT INTO SINHVIEN VALUES('N22KT0001',N'Lê Quốc',N'Phúc',0,N'TP.HCM','20040517','N22DCKT01',0,'123456');
INSERT INTO SINHVIEN VALUES('N23KT0001',N'Trần Thị',N'Quyên',1,N'Cần Thơ','20050928','N23DCKT01',0,'123456');
INSERT INTO SINHVIEN VALUES('N24KT0001',N'Phạm Văn',N'Rạng',0,N'TP.HCM','20060214','N24DCKT01',0,'123456');
-- CK
INSERT INTO SINHVIEN VALUES('N21CK0001',N'Cao Minh',N'Sơn',0,N'TP.HCM','20030303','N21DCCK01',0,'123456');
INSERT INTO SINHVIEN VALUES('N22CK0001',N'Bùi Văn',N'Ước',0,N'TP.HCM','20040625','N22DCCK01',0,'123456');
INSERT INTO SINHVIEN VALUES('N23CK0001',N'Nguyễn Thị',N'Vy',1,N'Đồng Nai','20051209','N23DCCK01',0,'123456');
INSERT INTO SINHVIEN VALUES('N24CK0001',N'Trần Văn',N'Wil',0,N'TP.HCM','20060720','N24DCCK01',0,'123456');

-- LOPTINCHI (20) - identity auto
-- N20 mon cuoi (da co diem)
INSERT INTO LOPTINCHI VALUES('2024-2025',1,'XLA',1,'GV05','CNTT',20,0);    --1
INSERT INTO LOPTINCHI VALUES('2024-2025',1,'KTDH',1,'GV07','CNTT',20,0);   --2
INSERT INTO LOPTINCHI VALUES('2024-2025',2,'LTW',1,'GV03','CNTT',20,0);    --3
-- N21 dang hoc
INSERT INTO LOPTINCHI VALUES('2025-2026',1,'LTJV',1,'GV07','CNTT',20,0);   --4
INSERT INTO LOPTINCHI VALUES('2025-2026',1,'XLA',1,'GV05','CNTT',15,0);    --5
INSERT INTO LOPTINCHI VALUES('2025-2026',2,'KTDH',1,'GV08','CNTT',15,0);   --6
-- N22
INSERT INTO LOPTINCHI VALUES('2025-2026',1,'CSDL',1,'GV08','CNTT',20,0);   --7
INSERT INTO LOPTINCHI VALUES('2025-2026',1,'MMT',1,'GV06','CNTT',20,0);    --8
-- N23 (ban)
INSERT INTO LOPTINCHI VALUES('2025-2026',1,'CTDL',1,'GV01','CNTT',25,0);   --9
INSERT INTO LOPTINCHI VALUES('2025-2026',1,'OOP',1,'GV02','CNTT',25,0);    --10
INSERT INTO LOPTINCHI VALUES('2025-2026',2,'HDH',1,'GV03','CNTT',20,0);    --11
-- N24 mon nam 1
INSERT INTO LOPTINCHI VALUES('2025-2026',1,'TCC',1,'GV01','CNTT',30,0);    --12
INSERT INTO LOPTINCHI VALUES('2025-2026',1,'AV',1,'GV09','VT',30,0);       --13
INSERT INTO LOPTINCHI VALUES('2025-2026',2,'VLDC',1,'GV10','VT',30,0);     --14
INSERT INTO LOPTINCHI VALUES('2025-2026',2,'TTHCM',1,'GV04','VT',30,0);    --15
-- KT CK
INSERT INTO LOPTINCHI VALUES('2025-2026',1,'KTCT',1,'GV11','KT',15,0);     --16
INSERT INTO LOPTINCHI VALUES('2025-2026',1,'CKCT',1,'GV12','CK',15,0);     --17
-- Huy lop
INSERT INTO LOPTINCHI VALUES('2025-2026',1,'LTW',1,'GV03','CNTT',50,1);    --18
-- Lich su
INSERT INTO LOPTINCHI VALUES('2023-2024',1,'TCC',1,'GV01','CNTT',25,0);    --19
INSERT INTO LOPTINCHI VALUES('2023-2024',2,'AV',1,'GV09','VT',25,0);       --20

-- DANGKY
-- N20 (diem day du)
INSERT INTO DANGKY VALUES(1,'N20CN0001',8,7.5,8.0,0);
INSERT INTO DANGKY VALUES(1,'N20CN0002',9,8.0,7.5,0);
INSERT INTO DANGKY VALUES(1,'N20CN0003',7,6.5,7.0,0);
INSERT INTO DANGKY VALUES(2,'N20CN0004',8,7.0,8.5,0);
INSERT INTO DANGKY VALUES(2,'N20CN0005',9,8.5,9.0,0);
INSERT INTO DANGKY VALUES(2,'N20CN0006',6,5.0,6.0,0);
INSERT INTO DANGKY VALUES(3,'N20CN0001',9,8.0,8.5,0);
INSERT INTO DANGKY VALUES(3,'N20CN0002',7,7.0,7.5,0);
INSERT INTO DANGKY VALUES(3,'N20CN0004',8,6.5,7.0,0);
-- N21
INSERT INTO DANGKY VALUES(4,'N21CN0001',8,7.0,NULL,0);
INSERT INTO DANGKY VALUES(4,'N21CN0002',9,8.5,NULL,0);
INSERT INTO DANGKY VALUES(4,'N21CN0003',7,NULL,NULL,0);
INSERT INTO DANGKY VALUES(5,'N21CN0004',8,7.5,NULL,0);
INSERT INTO DANGKY VALUES(5,'N21CN0005',6,6.0,NULL,0);
-- N22
INSERT INTO DANGKY VALUES(7,'N22CN0001',9,8.0,8.5,0);
INSERT INTO DANGKY VALUES(7,'N22CN0002',8,7.5,7.0,0);
INSERT INTO DANGKY VALUES(7,'N22CN0003',7,6.5,NULL,0);
INSERT INTO DANGKY VALUES(8,'N22CN0001',8,NULL,NULL,0);
INSERT INTO DANGKY VALUES(8,'N22CN0004',9,8.0,NULL,0);
-- N23 (dang ky chua co diem)
INSERT INTO DANGKY VALUES(9,'N23CN0001',NULL,NULL,NULL,0);
INSERT INTO DANGKY VALUES(9,'N23CN0002',NULL,NULL,NULL,0);
INSERT INTO DANGKY VALUES(9,'N23CN0003',NULL,NULL,NULL,0);
INSERT INTO DANGKY VALUES(10,'N23CN0001',NULL,NULL,NULL,0);
INSERT INTO DANGKY VALUES(10,'N23CN0004',NULL,NULL,NULL,0);
-- N24
INSERT INTO DANGKY VALUES(12,'N24CN0001',NULL,NULL,NULL,0);
INSERT INTO DANGKY VALUES(12,'N24CN0002',NULL,NULL,NULL,0);
INSERT INTO DANGKY VALUES(12,'N24CN0003',NULL,NULL,NULL,0);
INSERT INTO DANGKY VALUES(13,'N24VT0001',NULL,NULL,NULL,0);
-- VT
INSERT INTO DANGKY VALUES(13,'N21VT0001',8,7.0,7.5,0);
INSERT INTO DANGKY VALUES(13,'N22VT0001',NULL,NULL,NULL,0);
INSERT INTO DANGKY VALUES(14,'N20VT0001',9,8.5,9.0,0);
INSERT INTO DANGKY VALUES(14,'N20VT0002',7,6.0,6.5,0);
-- KT CK
INSERT INTO DANGKY VALUES(16,'N22KT0001',NULL,NULL,NULL,0);
INSERT INTO DANGKY VALUES(16,'N23KT0001',NULL,NULL,NULL,0);
INSERT INTO DANGKY VALUES(17,'N22CK0001',NULL,NULL,NULL,0);
INSERT INTO DANGKY VALUES(17,'N23CK0001',NULL,NULL,NULL,0);
-- Huy DK
INSERT INTO DANGKY VALUES(18,'N21CN0001',NULL,NULL,NULL,1);
-- Lich su (co diem)
INSERT INTO DANGKY VALUES(19,'N23CN0001',8,7.0,7.5,0);
INSERT INTO DANGKY VALUES(19,'N23CN0002',9,8.5,8.0,0);
INSERT INTO DANGKY VALUES(20,'N23CN0003',7,6.5,7.0,0);
INSERT INTO DANGKY VALUES(20,'N23CN0004',8,7.5,8.5,0);

PRINT N'Done! KHOA:4 LOP:20 GV:12 MH:15 SV:37 LTC:20 DK:41';
