USE QLDSV_HTC;
SET DATEFORMAT ymd;

-- Xóa dữ liệu cũ
DELETE FROM DANGKY;
DELETE FROM LOPTINCHI;
DELETE FROM MONHOC;

-- Reset identity cho LOPTINCHI
DBCC CHECKIDENT ('LOPTINCHI', RESEED, 0);

-- ==========================================
-- 1. INSERT MONHOC (66 môn chương trình PTIT)
-- ==========================================
INSERT INTO MONHOC (MAMH, TENMH, SOTIET_LT, SOTIET_TH) VALUES ('BAS1150', N'Triết học Mác Lênin', 45, 0);
INSERT INTO MONHOC (MAMH, TENMH, SOTIET_LT, SOTIET_TH) VALUES ('BAS1151', N'Kinh tế chính trị Mác Lênin', 30, 0);
INSERT INTO MONHOC (MAMH, TENMH, SOTIET_LT, SOTIET_TH) VALUES ('BAS1152', N'Chủ nghĩa xã hội khoa học', 30, 0);
INSERT INTO MONHOC (MAMH, TENMH, SOTIET_LT, SOTIET_TH) VALUES ('BAS1122', N'Tư tưởng Hồ Chí Minh', 30, 0);
INSERT INTO MONHOC (MAMH, TENMH, SOTIET_LT, SOTIET_TH) VALUES ('BAS1153', N'Lịch sử Đảng cộng sản Việt Nam', 30, 0);
INSERT INTO MONHOC (MAMH, TENMH, SOTIET_LT, SOTIET_TH) VALUES ('BAS1157', N'Tiếng Anh (Course 1)', 60, 0);
INSERT INTO MONHOC (MAMH, TENMH, SOTIET_LT, SOTIET_TH) VALUES ('BAS1158', N'Tiếng Anh (Course 2)', 60, 0);
INSERT INTO MONHOC (MAMH, TENMH, SOTIET_LT, SOTIET_TH) VALUES ('BAS1159', N'Tiếng Anh (Course 3)', 60, 0);
INSERT INTO MONHOC (MAMH, TENMH, SOTIET_LT, SOTIET_TH) VALUES ('BAS1160', N'Tiếng Anh (Course 3 Plus)', 30, 0);
INSERT INTO MONHOC (MAMH, TENMH, SOTIET_LT, SOTIET_TH) VALUES ('INT1154', N'Tin học cơ sở 1', 20, 20);
INSERT INTO MONHOC (MAMH, TENMH, SOTIET_LT, SOTIET_TH) VALUES ('INT1155', N'Tin học cơ sở 2', 20, 20);
INSERT INTO MONHOC (MAMH, TENMH, SOTIET_LT, SOTIET_TH) VALUES ('SKD1108', N'Phương pháp luận NCKH', 18, 12);
INSERT INTO MONHOC (MAMH, TENMH, SOTIET_LT, SOTIET_TH) VALUES ('BAS1106', N'Giáo dục thể chất 1', 0, 60);
INSERT INTO MONHOC (MAMH, TENMH, SOTIET_LT, SOTIET_TH) VALUES ('BAS1107', N'Giáo dục thể chất 2', 0, 60);
INSERT INTO MONHOC (MAMH, TENMH, SOTIET_LT, SOTIET_TH) VALUES ('BAS1105', N'Giáo dục Quốc phòng', 60, 60);
INSERT INTO MONHOC (MAMH, TENMH, SOTIET_LT, SOTIET_TH) VALUES ('SKD1101', N'Kỹ năng thuyết trình', 15, 0);
INSERT INTO MONHOC (MAMH, TENMH, SOTIET_LT, SOTIET_TH) VALUES ('SKD1102', N'Kỹ năng làm việc nhóm', 15, 0);
INSERT INTO MONHOC (MAMH, TENMH, SOTIET_LT, SOTIET_TH) VALUES ('SKD1103', N'Kỹ năng tạo lập văn bản', 15, 0);
INSERT INTO MONHOC (MAMH, TENMH, SOTIET_LT, SOTIET_TH) VALUES ('SKD1104', N'Kỹ năng lập kế hoạch và tổ chức', 15, 0);
INSERT INTO MONHOC (MAMH, TENMH, SOTIET_LT, SOTIET_TH) VALUES ('SKD1105', N'Kỹ năng giao tiếp', 15, 0);
INSERT INTO MONHOC (MAMH, TENMH, SOTIET_LT, SOTIET_TH) VALUES ('SKD1106', N'Kỹ năng giải quyết vấn đề', 15, 0);
INSERT INTO MONHOC (MAMH, TENMH, SOTIET_LT, SOTIET_TH) VALUES ('SKD1107', N'Kỹ năng tư duy sáng tạo', 15, 0);
INSERT INTO MONHOC (MAMH, TENMH, SOTIET_LT, SOTIET_TH) VALUES ('BAS1203', N'Giải tích 1', 36, 18);
INSERT INTO MONHOC (MAMH, TENMH, SOTIET_LT, SOTIET_TH) VALUES ('BAS1204', N'Giải tích 2', 36, 18);
INSERT INTO MONHOC (MAMH, TENMH, SOTIET_LT, SOTIET_TH) VALUES ('BAS1201', N'Đại số', 36, 18);
INSERT INTO MONHOC (MAMH, TENMH, SOTIET_LT, SOTIET_TH) VALUES ('BAS1224', N'Vật lý 1 và thí nghiệm', 42, 36);
INSERT INTO MONHOC (MAMH, TENMH, SOTIET_LT, SOTIET_TH) VALUES ('BAS1225', N'Vật lý 2 và thí nghiệm', 42, 36);
INSERT INTO MONHOC (MAMH, TENMH, SOTIET_LT, SOTIET_TH) VALUES ('BAS1226', N'Xác suất thống kê', 24, 12);
INSERT INTO MONHOC (MAMH, TENMH, SOTIET_LT, SOTIET_TH) VALUES ('BAS1221', N'Toán kỹ thuật', 36, 18);
INSERT INTO MONHOC (MAMH, TENMH, SOTIET_LT, SOTIET_TH) VALUES ('ELE1386', N'Nhập môn Kỹ thuật Điện tử', 24, 12);
INSERT INTO MONHOC (MAMH, TENMH, SOTIET_LT, SOTIET_TH) VALUES ('ELE13100', N'Cấu kiện điện tử', 32, 26);
INSERT INTO MONHOC (MAMH, TENMH, SOTIET_LT, SOTIET_TH) VALUES ('ELE1309', N'Điện tử số', 32, 26);
INSERT INTO MONHOC (MAMH, TENMH, SOTIET_LT, SOTIET_TH) VALUES ('ELE1305', N'Cơ sở đo lường điện tử', 22, 16);
INSERT INTO MONHOC (MAMH, TENMH, SOTIET_LT, SOTIET_TH) VALUES ('ELE1310', N'Điện tử tương tự', 32, 26);
INSERT INTO MONHOC (MAMH, TENMH, SOTIET_LT, SOTIET_TH) VALUES ('ELE1318', N'Lý thuyết mạch', 32, 26);
INSERT INTO MONHOC (MAMH, TENMH, SOTIET_LT, SOTIET_TH) VALUES ('INT1306', N'Cấu trúc dữ liệu và giải thuật', 32, 26);
INSERT INTO MONHOC (MAMH, TENMH, SOTIET_LT, SOTIET_TH) VALUES ('INT13145', N'Kiến trúc máy tính', 36, 18);
INSERT INTO MONHOC (MAMH, TENMH, SOTIET_LT, SOTIET_TH) VALUES ('ELE1317', N'Kỹ thuật vi xử lý', 36, 18);
INSERT INTO MONHOC (MAMH, TENMH, SOTIET_LT, SOTIET_TH) VALUES ('ELE13101', N'Xử lý tín hiệu số', 30, 30);
INSERT INTO MONHOC (MAMH, TENMH, SOTIET_LT, SOTIET_TH) VALUES ('ELE1319', N'Lý thuyết thông tin', 36, 18);
INSERT INTO MONHOC (MAMH, TENMH, SOTIET_LT, SOTIET_TH) VALUES ('ELE1320', N'Lý thuyết trường điện từ', 34, 20);
INSERT INTO MONHOC (MAMH, TENMH, SOTIET_LT, SOTIET_TH) VALUES ('INT1336', N'Mạng máy tính', 34, 20);
INSERT INTO MONHOC (MAMH, TENMH, SOTIET_LT, SOTIET_TH) VALUES ('ELE1304', N'Cơ sở điều khiển tự động', 42, 6);
INSERT INTO MONHOC (MAMH, TENMH, SOTIET_LT, SOTIET_TH) VALUES ('INT13146', N'Xử lý ảnh', 36, 18);
INSERT INTO MONHOC (MAMH, TENMH, SOTIET_LT, SOTIET_TH) VALUES ('OTC1301', N'Thực hành cơ sở', 8, 72);
INSERT INTO MONHOC (MAMH, TENMH, SOTIET_LT, SOTIET_TH) VALUES ('ELE1308', N'Điện tử công suất', 36, 18);
INSERT INTO MONHOC (MAMH, TENMH, SOTIET_LT, SOTIET_TH) VALUES ('ELE1426', N'Thiết kế logic số', 32, 26);
INSERT INTO MONHOC (MAMH, TENMH, SOTIET_LT, SOTIET_TH) VALUES ('ELE1412', N'Đồ án thiết kế mạch điện tử', 12, 36);
INSERT INTO MONHOC (MAMH, TENMH, SOTIET_LT, SOTIET_TH) VALUES ('ELE1428', N'Truyền thông số', 22, 16);
INSERT INTO MONHOC (MAMH, TENMH, SOTIET_LT, SOTIET_TH) VALUES ('ELE1415', N'Hệ thống nhúng', 36, 18);
INSERT INTO MONHOC (MAMH, TENMH, SOTIET_LT, SOTIET_TH) VALUES ('ELE1413', N'Đồ án thiết kế hệ thống nhúng', 6, 48);
INSERT INTO MONHOC (MAMH, TENMH, SOTIET_LT, SOTIET_TH) VALUES ('ELE1401', N'CAD/CAM', 24, 12);
INSERT INTO MONHOC (MAMH, TENMH, SOTIET_LT, SOTIET_TH) VALUES ('ELE1406', N'Cơ sở mật mã học', 24, 12);
INSERT INTO MONHOC (MAMH, TENMH, SOTIET_LT, SOTIET_TH) VALUES ('ELE1423', N'Thiết kế hệ thống VLSI', 24, 12);
INSERT INTO MONHOC (MAMH, TENMH, SOTIET_LT, SOTIET_TH) VALUES ('ELE1411', N'Đồ án thiết kế hệ thống số', 24, 12);
INSERT INTO MONHOC (MAMH, TENMH, SOTIET_LT, SOTIET_TH) VALUES ('ELE1487', N'Hệ điều hành nhúng', 32, 26);
INSERT INTO MONHOC (MAMH, TENMH, SOTIET_LT, SOTIET_TH) VALUES ('ELE14102', N'Mạng cảm biến', 32, 26);
INSERT INTO MONHOC (MAMH, TENMH, SOTIET_LT, SOTIET_TH) VALUES ('ELE1427', N'Thiết bị ngoại vi', 12, 36);
INSERT INTO MONHOC (MAMH, TENMH, SOTIET_LT, SOTIET_TH) VALUES ('ELE1416', N'Kỹ thuật logic khả trình PLC', 24, 12);
INSERT INTO MONHOC (MAMH, TENMH, SOTIET_LT, SOTIET_TH) VALUES ('ELE1424', N'Thiết kế IC số', 24, 12);
INSERT INTO MONHOC (MAMH, TENMH, SOTIET_LT, SOTIET_TH) VALUES ('ELE1488', N'Cảm biến và cơ cấu chấp hành', 24, 12);
INSERT INTO MONHOC (MAMH, TENMH, SOTIET_LT, SOTIET_TH) VALUES ('ELE1422', N'Thị giác máy tính', 24, 12);
INSERT INTO MONHOC (MAMH, TENMH, SOTIET_LT, SOTIET_TH) VALUES ('INT1341', N'Nhập môn trí tuệ nhân tạo', 36, 18);
INSERT INTO MONHOC (MAMH, TENMH, SOTIET_LT, SOTIET_TH) VALUES ('ELE1489', N'Thiết kế điện tử tiên tiến', 24, 12);
INSERT INTO MONHOC (MAMH, TENMH, SOTIET_LT, SOTIET_TH) VALUES ('INT1313', N'Cơ sở dữ liệu', 32, 26);
INSERT INTO MONHOC (MAMH, TENMH, SOTIET_LT, SOTIET_TH) VALUES ('BSA1310', N'Kinh tế vi mô', 36, 18);

-- ==========================================
-- 2. INSERT LOPTINCHI (50 lớp học cho N20)
-- ==========================================

-- 2020-2021 HK1
INSERT INTO LOPTINCHI (NIENKHOA, HOCKY, MAMH, NHOM, MAGV, MAKHOA, SOSVTOITHIEU, HUYLOP) VALUES ('2020-2021',1,'BAS1150',1,'GV01','CNTT',25,0); -- 1
INSERT INTO LOPTINCHI (NIENKHOA, HOCKY, MAMH, NHOM, MAGV, MAKHOA, SOSVTOITHIEU, HUYLOP) VALUES ('2020-2021',1,'BAS1157',1,'GV09','VT',25,0);   -- 2
INSERT INTO LOPTINCHI (NIENKHOA, HOCKY, MAMH, NHOM, MAGV, MAKHOA, SOSVTOITHIEU, HUYLOP) VALUES ('2020-2021',1,'INT1154',1,'GV02','CNTT',25,0); -- 3
INSERT INTO LOPTINCHI (NIENKHOA, HOCKY, MAMH, NHOM, MAGV, MAKHOA, SOSVTOITHIEU, HUYLOP) VALUES ('2020-2021',1,'BAS1106',1,'GV01','CNTT',25,0); -- 4
INSERT INTO LOPTINCHI (NIENKHOA, HOCKY, MAMH, NHOM, MAGV, MAKHOA, SOSVTOITHIEU, HUYLOP) VALUES ('2020-2021',1,'SKD1101',1,'GV03','CNTT',25,0); -- 5

-- 2020-2021 HK2
INSERT INTO LOPTINCHI (NIENKHOA, HOCKY, MAMH, NHOM, MAGV, MAKHOA, SOSVTOITHIEU, HUYLOP) VALUES ('2020-2021',2,'BAS1151',1,'GV01','CNTT',25,0); -- 6
INSERT INTO LOPTINCHI (NIENKHOA, HOCKY, MAMH, NHOM, MAGV, MAKHOA, SOSVTOITHIEU, HUYLOP) VALUES ('2020-2021',2,'BAS1158',1,'GV09','VT',25,0);   -- 7
INSERT INTO LOPTINCHI (NIENKHOA, HOCKY, MAMH, NHOM, MAGV, MAKHOA, SOSVTOITHIEU, HUYLOP) VALUES ('2020-2021',2,'INT1155',1,'GV02','CNTT',25,0); -- 8
INSERT INTO LOPTINCHI (NIENKHOA, HOCKY, MAMH, NHOM, MAGV, MAKHOA, SOSVTOITHIEU, HUYLOP) VALUES ('2020-2021',2,'BAS1203',1,'GV08','CNTT',25,0); -- 9
INSERT INTO LOPTINCHI (NIENKHOA, HOCKY, MAMH, NHOM, MAGV, MAKHOA, SOSVTOITHIEU, HUYLOP) VALUES ('2020-2021',2,'SKD1102',1,'GV03','CNTT',25,0); -- 10

-- 2021-2022 HK1
INSERT INTO LOPTINCHI (NIENKHOA, HOCKY, MAMH, NHOM, MAGV, MAKHOA, SOSVTOITHIEU, HUYLOP) VALUES ('2021-2022',1,'BAS1152',1,'GV01','CNTT',25,0); -- 11
INSERT INTO LOPTINCHI (NIENKHOA, HOCKY, MAMH, NHOM, MAGV, MAKHOA, SOSVTOITHIEU, HUYLOP) VALUES ('2021-2022',1,'BAS1159',1,'GV09','VT',25,0);   -- 12
INSERT INTO LOPTINCHI (NIENKHOA, HOCKY, MAMH, NHOM, MAGV, MAKHOA, SOSVTOITHIEU, HUYLOP) VALUES ('2021-2022',1,'BAS1204',1,'GV08','CNTT',25,0); -- 13
INSERT INTO LOPTINCHI (NIENKHOA, HOCKY, MAMH, NHOM, MAGV, MAKHOA, SOSVTOITHIEU, HUYLOP) VALUES ('2021-2022',1,'BAS1201',1,'GV08','CNTT',25,0); -- 14
INSERT INTO LOPTINCHI (NIENKHOA, HOCKY, MAMH, NHOM, MAGV, MAKHOA, SOSVTOITHIEU, HUYLOP) VALUES ('2021-2022',1,'SKD1103',1,'GV03','CNTT',25,0); -- 15

-- 2021-2022 HK2
INSERT INTO LOPTINCHI (NIENKHOA, HOCKY, MAMH, NHOM, MAGV, MAKHOA, SOSVTOITHIEU, HUYLOP) VALUES ('2021-2022',2,'BAS1122',1,'GV04','VT',25,0);   -- 16
INSERT INTO LOPTINCHI (NIENKHOA, HOCKY, MAMH, NHOM, MAGV, MAKHOA, SOSVTOITHIEU, HUYLOP) VALUES ('2021-2022',2,'BAS1224',1,'GV10','VT',25,0);   -- 17
INSERT INTO LOPTINCHI (NIENKHOA, HOCKY, MAMH, NHOM, MAGV, MAKHOA, SOSVTOITHIEU, HUYLOP) VALUES ('2021-2022',2,'BAS1226',1,'GV08','CNTT',25,0); -- 18
INSERT INTO LOPTINCHI (NIENKHOA, HOCKY, MAMH, NHOM, MAGV, MAKHOA, SOSVTOITHIEU, HUYLOP) VALUES ('2021-2022',2,'BAS1221',1,'GV08','CNTT',25,0); -- 19
INSERT INTO LOPTINCHI (NIENKHOA, HOCKY, MAMH, NHOM, MAGV, MAKHOA, SOSVTOITHIEU, HUYLOP) VALUES ('2021-2022',2,'SKD1104',1,'GV03','CNTT',25,0); -- 20

-- 2022-2023 HK1
INSERT INTO LOPTINCHI (NIENKHOA, HOCKY, MAMH, NHOM, MAGV, MAKHOA, SOSVTOITHIEU, HUYLOP) VALUES ('2022-2023',1,'BAS1153',1,'GV04','VT',25,0);   -- 21
INSERT INTO LOPTINCHI (NIENKHOA, HOCKY, MAMH, NHOM, MAGV, MAKHOA, SOSVTOITHIEU, HUYLOP) VALUES ('2022-2023',1,'BAS1225',1,'GV10','VT',25,0);   -- 22
INSERT INTO LOPTINCHI (NIENKHOA, HOCKY, MAMH, NHOM, MAGV, MAKHOA, SOSVTOITHIEU, HUYLOP) VALUES ('2022-2023',1,'ELE1386',1,'GV05','CNTT',25,0); -- 23
INSERT INTO LOPTINCHI (NIENKHOA, HOCKY, MAMH, NHOM, MAGV, MAKHOA, SOSVTOITHIEU, HUYLOP) VALUES ('2022-2023',1,'ELE13100',1,'GV05','CNTT',25,0);-- 24
INSERT INTO LOPTINCHI (NIENKHOA, HOCKY, MAMH, NHOM, MAGV, MAKHOA, SOSVTOITHIEU, HUYLOP) VALUES ('2022-2023',1,'ELE1309',1,'GV05','CNTT',25,0); -- 25

-- 2022-2023 HK2
INSERT INTO LOPTINCHI (NIENKHOA, HOCKY, MAMH, NHOM, MAGV, MAKHOA, SOSVTOITHIEU, HUYLOP) VALUES ('2022-2023',2,'ELE1305',1,'GV05','CNTT',25,0); -- 26
INSERT INTO LOPTINCHI (NIENKHOA, HOCKY, MAMH, NHOM, MAGV, MAKHOA, SOSVTOITHIEU, HUYLOP) VALUES ('2022-2023',2,'ELE1310',1,'GV05','CNTT',25,0); -- 27
INSERT INTO LOPTINCHI (NIENKHOA, HOCKY, MAMH, NHOM, MAGV, MAKHOA, SOSVTOITHIEU, HUYLOP) VALUES ('2022-2023',2,'ELE1318',1,'GV05','CNTT',25,0); -- 28
INSERT INTO LOPTINCHI (NIENKHOA, HOCKY, MAMH, NHOM, MAGV, MAKHOA, SOSVTOITHIEU, HUYLOP) VALUES ('2022-2023',2,'INT1306',1,'GV01','CNTT',25,0); -- 29
INSERT INTO LOPTINCHI (NIENKHOA, HOCKY, MAMH, NHOM, MAGV, MAKHOA, SOSVTOITHIEU, HUYLOP) VALUES ('2022-2023',2,'INT13145',1,'GV06','CNTT',25,0);-- 30

-- 2023-2024 HK1
INSERT INTO LOPTINCHI (NIENKHOA, HOCKY, MAMH, NHOM, MAGV, MAKHOA, SOSVTOITHIEU, HUYLOP) VALUES ('2023-2024',1,'ELE1317',1,'GV07','CNTT',25,0); -- 31
INSERT INTO LOPTINCHI (NIENKHOA, HOCKY, MAMH, NHOM, MAGV, MAKHOA, SOSVTOITHIEU, HUYLOP) VALUES ('2023-2024',1,'ELE13101',1,'GV05','CNTT',25,0);-- 32
INSERT INTO LOPTINCHI (NIENKHOA, HOCKY, MAMH, NHOM, MAGV, MAKHOA, SOSVTOITHIEU, HUYLOP) VALUES ('2023-2024',1,'ELE1319',1,'GV05','CNTT',25,0); -- 33
INSERT INTO LOPTINCHI (NIENKHOA, HOCKY, MAMH, NHOM, MAGV, MAKHOA, SOSVTOITHIEU, HUYLOP) VALUES ('2023-2024',1,'INT1336',1,'GV06','CNTT',25,0); -- 34
INSERT INTO LOPTINCHI (NIENKHOA, HOCKY, MAMH, NHOM, MAGV, MAKHOA, SOSVTOITHIEU, HUYLOP) VALUES ('2023-2024',1,'ELE1304',1,'GV07','CNTT',25,0); -- 35

-- 2023-2024 HK2
INSERT INTO LOPTINCHI (NIENKHOA, HOCKY, MAMH, NHOM, MAGV, MAKHOA, SOSVTOITHIEU, HUYLOP) VALUES ('2023-2024',2,'INT13146',1,'GV05','CNTT',25,0); -- 36
INSERT INTO LOPTINCHI (NIENKHOA, HOCKY, MAMH, NHOM, MAGV, MAKHOA, SOSVTOITHIEU, HUYLOP) VALUES ('2023-2024',2,'OTC1301',1,'GV05','CNTT',25,0);  -- 37
INSERT INTO LOPTINCHI (NIENKHOA, HOCKY, MAMH, NHOM, MAGV, MAKHOA, SOSVTOITHIEU, HUYLOP) VALUES ('2023-2024',2,'ELE1308',1,'GV12','CK',25,0);    -- 38
INSERT INTO LOPTINCHI (NIENKHOA, HOCKY, MAMH, NHOM, MAGV, MAKHOA, SOSVTOITHIEU, HUYLOP) VALUES ('2023-2024',2,'ELE1426',1,'GV05','CNTT',25,0);  -- 39
INSERT INTO LOPTINCHI (NIENKHOA, HOCKY, MAMH, NHOM, MAGV, MAKHOA, SOSVTOITHIEU, HUYLOP) VALUES ('2023-2024',2,'ELE1412',1,'GV05','CNTT',25,0);  -- 40

-- 2024-2025 HK1
INSERT INTO LOPTINCHI (NIENKHOA, HOCKY, MAMH, NHOM, MAGV, MAKHOA, SOSVTOITHIEU, HUYLOP) VALUES ('2024-2025',1,'ELE1428',1,'GV04','VT',25,0);    -- 41
INSERT INTO LOPTINCHI (NIENKHOA, HOCKY, MAMH, NHOM, MAGV, MAKHOA, SOSVTOITHIEU, HUYLOP) VALUES ('2024-2025',1,'ELE1415',1,'GV07','CNTT',25,0);  -- 42
INSERT INTO LOPTINCHI (NIENKHOA, HOCKY, MAMH, NHOM, MAGV, MAKHOA, SOSVTOITHIEU, HUYLOP) VALUES ('2024-2025',1,'ELE1413',1,'GV07','CNTT',25,0);  -- 43
INSERT INTO LOPTINCHI (NIENKHOA, HOCKY, MAMH, NHOM, MAGV, MAKHOA, SOSVTOITHIEU, HUYLOP) VALUES ('2024-2025',1,'ELE1401',1,'GV12','CK',25,0);    -- 44
INSERT INTO LOPTINCHI (NIENKHOA, HOCKY, MAMH, NHOM, MAGV, MAKHOA, SOSVTOITHIEU, HUYLOP) VALUES ('2024-2025',1,'ELE1406',1,'GV09','VT',25,0);    -- 45

-- 2024-2025 HK2
INSERT INTO LOPTINCHI (NIENKHOA, HOCKY, MAMH, NHOM, MAGV, MAKHOA, SOSVTOITHIEU, HUYLOP) VALUES ('2024-2025',2,'ELE1423',1,'GV05','CNTT',25,0);  -- 46
INSERT INTO LOPTINCHI (NIENKHOA, HOCKY, MAMH, NHOM, MAGV, MAKHOA, SOSVTOITHIEU, HUYLOP) VALUES ('2024-2025',2,'ELE1411',1,'GV05','CNTT',25,0);  -- 47
INSERT INTO LOPTINCHI (NIENKHOA, HOCKY, MAMH, NHOM, MAGV, MAKHOA, SOSVTOITHIEU, HUYLOP) VALUES ('2024-2025',2,'ELE1487',1,'GV07','CNTT',25,0);  -- 48
INSERT INTO LOPTINCHI (NIENKHOA, HOCKY, MAMH, NHOM, MAGV, MAKHOA, SOSVTOITHIEU, HUYLOP) VALUES ('2024-2025',2,'ELE14102',1,'GV07','CNTT',25,0); -- 49
INSERT INTO LOPTINCHI (NIENKHOA, HOCKY, MAMH, NHOM, MAGV, MAKHOA, SOSVTOITHIEU, HUYLOP) VALUES ('2024-2025',2,'ELE1427',1,'GV07','CNTT',25,0);  -- 50

-- ==========================================
-- 3. INSERT DANGKY (Đăng ký & chấm điểm 50 môn cho N20CN0001)
-- ==========================================

-- 2020-2021 HK1
INSERT INTO DANGKY (MALTC, MASV, DIEM_CC, DIEM_GK, DIEM_CK, HUYDANGKY) VALUES (1,'N20CN0001',8,8.5,8.0,0);
INSERT INTO DANGKY (MALTC, MASV, DIEM_CC, DIEM_GK, DIEM_CK, HUYDANGKY) VALUES (2,'N20CN0001',9,9.0,8.5,0);
INSERT INTO DANGKY (MALTC, MASV, DIEM_CC, DIEM_GK, DIEM_CK, HUYDANGKY) VALUES (3,'N20CN0001',7,8.0,7.5,0);
INSERT INTO DANGKY (MALTC, MASV, DIEM_CC, DIEM_GK, DIEM_CK, HUYDANGKY) VALUES (4,'N20CN0001',10,9.5,10.0,0);
INSERT INTO DANGKY (MALTC, MASV, DIEM_CC, DIEM_GK, DIEM_CK, HUYDANGKY) VALUES (5,'N20CN0001',8,7.0,7.5,0);

-- 2020-2021 HK2
INSERT INTO DANGKY (MALTC, MASV, DIEM_CC, DIEM_GK, DIEM_CK, HUYDANGKY) VALUES (6,'N20CN0001',8,8.0,8.5,0);
INSERT INTO DANGKY (MALTC, MASV, DIEM_CC, DIEM_GK, DIEM_CK, HUYDANGKY) VALUES (7,'N20CN0001',7,7.5,7.0,0);
INSERT INTO DANGKY (MALTC, MASV, DIEM_CC, DIEM_GK, DIEM_CK, HUYDANGKY) VALUES (8,'N20CN0001',9,8.5,9.0,0);
INSERT INTO DANGKY (MALTC, MASV, DIEM_CC, DIEM_GK, DIEM_CK, HUYDANGKY) VALUES (9,'N20CN0001',6,7.0,8.0,0);
INSERT INTO DANGKY (MALTC, MASV, DIEM_CC, DIEM_GK, DIEM_CK, HUYDANGKY) VALUES (10,'N20CN0001',8,8.0,8.5,0);

-- 2021-2022 HK1
INSERT INTO DANGKY (MALTC, MASV, DIEM_CC, DIEM_GK, DIEM_CK, HUYDANGKY) VALUES (11,'N20CN0001',9,8.0,8.0,0);
INSERT INTO DANGKY (MALTC, MASV, DIEM_CC, DIEM_GK, DIEM_CK, HUYDANGKY) VALUES (12,'N20CN0001',8,9.0,8.5,0);
INSERT INTO DANGKY (MALTC, MASV, DIEM_CC, DIEM_GK, DIEM_CK, HUYDANGKY) VALUES (13,'N20CN0001',8,6.4,9.4,0); -- 8.2, 6.4, 9.4 -> 8.2 (B+)
INSERT INTO DANGKY (MALTC, MASV, DIEM_CC, DIEM_GK, DIEM_CK, HUYDANGKY) VALUES (14,'N20CN0001',7,6.1,8.0,0);
INSERT INTO DANGKY (MALTC, MASV, DIEM_CC, DIEM_GK, DIEM_CK, HUYDANGKY) VALUES (15,'N20CN0001',8,8.0,8.0,0);

-- 2021-2022 HK2
INSERT INTO DANGKY (MALTC, MASV, DIEM_CC, DIEM_GK, DIEM_CK, HUYDANGKY) VALUES (16,'N20CN0001',8,8.0,9.0,0);
INSERT INTO DANGKY (MALTC, MASV, DIEM_CC, DIEM_GK, DIEM_CK, HUYDANGKY) VALUES (17,'N20CN0001',7,7.0,8.0,0);
INSERT INTO DANGKY (MALTC, MASV, DIEM_CC, DIEM_GK, DIEM_CK, HUYDANGKY) VALUES (18,'N20CN0001',9,9.0,8.5,0);
INSERT INTO DANGKY (MALTC, MASV, DIEM_CC, DIEM_GK, DIEM_CK, HUYDANGKY) VALUES (19,'N20CN0001',6,7.0,7.0,0);
INSERT INTO DANGKY (MALTC, MASV, DIEM_CC, DIEM_GK, DIEM_CK, HUYDANGKY) VALUES (20,'N20CN0001',8,8.0,8.5,0);

-- 2022-2023 HK1
INSERT INTO DANGKY (MALTC, MASV, DIEM_CC, DIEM_GK, DIEM_CK, HUYDANGKY) VALUES (21,'N20CN0001',8,8.0,8.0,0);
INSERT INTO DANGKY (MALTC, MASV, DIEM_CC, DIEM_GK, DIEM_CK, HUYDANGKY) VALUES (22,'N20CN0001',9,8.5,9.0,0);
INSERT INTO DANGKY (MALTC, MASV, DIEM_CC, DIEM_GK, DIEM_CK, HUYDANGKY) VALUES (23,'N20CN0001',7,7.0,7.5,0);
INSERT INTO DANGKY (MALTC, MASV, DIEM_CC, DIEM_GK, DIEM_CK, HUYDANGKY) VALUES (24,'N20CN0001',8,9.0,8.0,0);
INSERT INTO DANGKY (MALTC, MASV, DIEM_CC, DIEM_GK, DIEM_CK, HUYDANGKY) VALUES (25,'N20CN0001',8,8.0,8.5,0);

-- 2022-2023 HK2
INSERT INTO DANGKY (MALTC, MASV, DIEM_CC, DIEM_GK, DIEM_CK, HUYDANGKY) VALUES (26,'N20CN0001',9,8.0,8.0,0);
INSERT INTO DANGKY (MALTC, MASV, DIEM_CC, DIEM_GK, DIEM_CK, HUYDANGKY) VALUES (27,'N20CN0001',8,8.5,9.0,0);
INSERT INTO DANGKY (MALTC, MASV, DIEM_CC, DIEM_GK, DIEM_CK, HUYDANGKY) VALUES (28,'N20CN0001',7,7.0,7.5,0);
INSERT INTO DANGKY (MALTC, MASV, DIEM_CC, DIEM_GK, DIEM_CK, HUYDANGKY) VALUES (29,'N20CN0001',8,8.0,8.0,0);
INSERT INTO DANGKY (MALTC, MASV, DIEM_CC, DIEM_GK, DIEM_CK, HUYDANGKY) VALUES (30,'N20CN0001',9,9.0,9.5,0);

-- 2023-2024 HK1
INSERT INTO DANGKY (MALTC, MASV, DIEM_CC, DIEM_GK, DIEM_CK, HUYDANGKY) VALUES (31,'N20CN0001',8,8.0,8.0,0);
INSERT INTO DANGKY (MALTC, MASV, DIEM_CC, DIEM_GK, DIEM_CK, HUYDANGKY) VALUES (32,'N20CN0001',9,8.5,9.0,0);
INSERT INTO DANGKY (MALTC, MASV, DIEM_CC, DIEM_GK, DIEM_CK, HUYDANGKY) VALUES (33,'N20CN0001',7,7.5,7.0,0);
INSERT INTO DANGKY (MALTC, MASV, DIEM_CC, DIEM_GK, DIEM_CK, HUYDANGKY) VALUES (34,'N20CN0001',8,8.0,8.5,0);
INSERT INTO DANGKY (MALTC, MASV, DIEM_CC, DIEM_GK, DIEM_CK, HUYDANGKY) VALUES (35,'N20CN0001',8,9.0,8.5,0);

-- 2023-2024 HK2
INSERT INTO DANGKY (MALTC, MASV, DIEM_CC, DIEM_GK, DIEM_CK, HUYDANGKY) VALUES (36,'N20CN0001',9,8.0,8.0,0);
INSERT INTO DANGKY (MALTC, MASV, DIEM_CC, DIEM_GK, DIEM_CK, HUYDANGKY) VALUES (37,'N20CN0001',8,8.5,9.0,0);
INSERT INTO DANGKY (MALTC, MASV, DIEM_CC, DIEM_GK, DIEM_CK, HUYDANGKY) VALUES (38,'N20CN0001',7,7.0,7.5,0);
INSERT INTO DANGKY (MALTC, MASV, DIEM_CC, DIEM_GK, DIEM_CK, HUYDANGKY) VALUES (39,'N20CN0001',8,8.0,8.0,0);
INSERT INTO DANGKY (MALTC, MASV, DIEM_CC, DIEM_GK, DIEM_CK, HUYDANGKY) VALUES (40,'N20CN0001',9,9.0,9.5,0);

-- 2024-2025 HK1
INSERT INTO DANGKY (MALTC, MASV, DIEM_CC, DIEM_GK, DIEM_CK, HUYDANGKY) VALUES (41,'N20CN0001',8,8.0,8.5,0);
INSERT INTO DANGKY (MALTC, MASV, DIEM_CC, DIEM_GK, DIEM_CK, HUYDANGKY) VALUES (42,'N20CN0001',7,7.5,7.0,0);
INSERT INTO DANGKY (MALTC, MASV, DIEM_CC, DIEM_GK, DIEM_CK, HUYDANGKY) VALUES (43,'N20CN0001',9,8.5,9.0,0);
INSERT INTO DANGKY (MALTC, MASV, DIEM_CC, DIEM_GK, DIEM_CK, HUYDANGKY) VALUES (44,'N20CN0001',6,7.0,8.0,0);
INSERT INTO DANGKY (MALTC, MASV, DIEM_CC, DIEM_GK, DIEM_CK, HUYDANGKY) VALUES (45,'N20CN0001',8,8.0,8.5,0);

-- 2024-2025 HK2
INSERT INTO DANGKY (MALTC, MASV, DIEM_CC, DIEM_GK, DIEM_CK, HUYDANGKY) VALUES (46,'N20CN0001',9,8.0,8.0,0);
INSERT INTO DANGKY (MALTC, MASV, DIEM_CC, DIEM_GK, DIEM_CK, HUYDANGKY) VALUES (47,'N20CN0001',8,9.0,8.5,0);
INSERT INTO DANGKY (MALTC, MASV, DIEM_CC, DIEM_GK, DIEM_CK, HUYDANGKY) VALUES (48,'N20CN0001',8,8.0,8.0,0);
INSERT INTO DANGKY (MALTC, MASV, DIEM_CC, DIEM_GK, DIEM_CK, HUYDANGKY) VALUES (49,'N20CN0001',7,7.0,8.0,0);
INSERT INTO DANGKY (MALTC, MASV, DIEM_CC, DIEM_GK, DIEM_CK, HUYDANGKY) VALUES (50,'N20CN0001',9,9.0,9.5,0);

-- Đăng ký thêm cho một số sinh viên khác để giữ tính năng nhập điểm / đăng ký học phần hoạt động
INSERT INTO DANGKY (MALTC, MASV, DIEM_CC, DIEM_GK, DIEM_CK, HUYDANGKY) VALUES (46,'N21CN0001',NULL,NULL,NULL,0);
INSERT INTO DANGKY (MALTC, MASV, DIEM_CC, DIEM_GK, DIEM_CK, HUYDANGKY) VALUES (46,'N21CN0002',NULL,NULL,NULL,0);
INSERT INTO DANGKY (MALTC, MASV, DIEM_CC, DIEM_GK, DIEM_CK, HUYDANGKY) VALUES (47,'N21CN0001',NULL,NULL,NULL,0);
INSERT INTO DANGKY (MALTC, MASV, DIEM_CC, DIEM_GK, DIEM_CK, HUYDANGKY) VALUES (48,'N22CN0001',NULL,NULL,NULL,0);
INSERT INTO DANGKY (MALTC, MASV, DIEM_CC, DIEM_GK, DIEM_CK, HUYDANGKY) VALUES (49,'N23CN0001',NULL,NULL,NULL,0);

PRINT 'Successfully updated database to PTIT Electronics curriculum and populated full 50-course transcript!';
